Description,Price,Review,Rating,Url
Lenovo IdeaPad Slim 3 Core i3 11th Gen ,33490,,,https://www.flipkart.com//lenovo-ideapad-slim-3-core-i3-11th-gen-8-gb-256-gb-ssd-windows-11-home-15itl05-thin-light-laptop/p/itm409e7356d6162?pid=COMGN29YGMXF5DNH&lid=LSTCOMGN29YGMXF5DNHZKTYJV&marketplace=FLIPKART&q=laptop&store=6bo%2Fb5g&srno=s_1_1&otracker=search&iid=en_h1MpMMun7jgyT1sqSUfQnmK57mnucHTVo1YS9ar7vG4s2tbL5O4oFvho7C46bIqvNxXP1yc8vPtJzLaLw%2B352A%3D%3D&ssid=2oxryql5ts0000001679028787783&qH=312f91285e048e09
Lenovo IdeaPad 3 Ryzen 5 Hexa Core 5500U ,45990,186,4.3,https://www.flipkart.com//lenovo-ideapad-3-ryzen-5-hexa-core-5500u-8-gb-512-gb-ssd-windows-11-home-15alc6-thin-light-laptop/p/itm790def6ef6b6f?pid=COMG9VHHF6HVJPP9&lid=LSTCOMG9VHHF6HVJPP9U213LU&marketplace=FLIPKART&q=laptop&store=6bo%2Fb5g&srno=s_1_2&otracker=search&iid=en_h1MpMMun7jgyT1sqSUfQnmK57mnucHTVo1YS9ar7vG7Ckv%2BuNQsgZlrAFwHDuc5BMWKisRa%2FYuQTUzHVXP9aTA%3D%3D&ssid=2oxryql5ts0000001679028787783&qH=312f91285e048e09
ASUS TUF Gaming F15 Core i5 10th Gen ,49990,505,4.4,https://www.flipkart.com//asus-tuf-gaming-f15-core-i5-10th-gen-8-gb-512-gb-ssd-windows-11-home-4-graphics-nvidia-geforce-gtx-1650-144-hz-fx506lhb-hn358w-laptop/p/itm4d930ab779cbd?pid=COMGF9Z7JYCFBKAP&lid=LSTCOMGF9Z7JYCFBKAPXYET0O&marketplace=FLIPKART&q=laptop&store=6bo%2Fb5g&spotlightTagId=BestsellerId_6bo%2Fb5g&srno=s_1_3&otracker=search&iid=de3a8396-aca7-43c8-9b56-d155ebe089e9.COMGF9Z7JYCFBKAP.SEARCH&ssid=2oxryql5ts0000001679028787783&qH=312f91285e048e09
ASUS VivoBook 14 (2021) Celeron Dual Core ,21990,112,4.1,https://www.flipkart.com//asus-vivobook-14-2021-celeron-dual-core-4-gb-256-gb-ssd-windows-11-home-x415ma-bv011w-thin-light-laptop/p/itm8f9bebd99f5c0?pid=COMGBH774UHWUFQF&lid=LSTCOMGBH774UHWUFQFHH2XKA&marketplace=FLIPKART&q=laptop&store=6bo%2Fb5g&srno=s_1_4&otracker=search&iid=de3a8396-aca7-43c8-9b56-d155ebe089e9.COMGBH774UHWUFQF.SEARCH&ssid=2oxryql5ts0000001679028787783&qH=312f91285e048e09
ASUS Vivobook 15 Core i3 11th Gen ,35990,42,4.2,https://www.flipkart.com//asus-vivobook-15-core-i3-11th-gen-8-gb-512-gb-ssd-windows-11-home-x515ea-ej322ws-thin-light-laptop/p/itmc6461360364e0?pid=COMGA5TUCZAV4HGH&lid=LSTCOMGA5TUCZAV4HGHWM8PS0&marketplace=FLIPKART&q=laptop&store=6bo%2Fb5g&srno=s_1_5&otracker=search&iid=de3a8396-aca7-43c8-9b56-d155ebe089e9.COMGA5TUCZAV4HGH.SEARCH&ssid=2oxryql5ts0000001679028787783&qH=312f91285e048e09
HP 14s Intel Core i3 11th Gen ,37990,173,4.2,https://www.flipkart.com//hp-14s-intel-core-i3-11th-gen-8-gb-256-gb-ssd-windows-11-home-dy2507tu-thin-light-laptop/p/itm183e95bd1f23b?pid=COMGG63H9BFFUYVY&lid=LSTCOMGG63H9BFFUYVYFHH552&marketplace=FLIPKART&q=laptop&store=6bo%2Fb5g&srno=s_1_6&otracker=search&iid=de3a8396-aca7-43c8-9b56-d155ebe089e9.COMGG63H9BFFUYVY.SEARCH&ssid=2oxryql5ts0000001679028787783&qH=312f91285e048e09
ASUS Vivobook S14 OLED (2022) Intel EVO Core i5 12th Gen ,69990,176,4.5,https://www.flipkart.com//asus-vivobook-s14-oled-2022-intel-evo-core-i5-12th-gen-16-gb-512-gb-ssd-windows-11-home-s3402za-km502ws-thin-light-laptop/p/itmf9337acb97e70?pid=COMGCG2GXGJGEYUW&lid=LSTCOMGCG2GXGJGEYUWI64YYF&marketplace=FLIPKART&q=laptop&store=6bo%2Fb5g&srno=s_1_7&otracker=search&iid=de3a8396-aca7-43c8-9b56-d155ebe089e9.COMGCG2GXGJGEYUW.SEARCH&ssid=2oxryql5ts0000001679028787783&qH=312f91285e048e09
RedmiBook Pro Core i5 11th Gen ,39990,502,4.1,https://www.flipkart.com//redmibook-pro-core-i5-11th-gen-8-gb-512-gb-ssd-windows-11-home-thin-light-laptop/p/itm436427e982703?pid=COMG4Z359A4Z3MFG&lid=LSTCOMG4Z359A4Z3MFGOJQLGB&marketplace=FLIPKART&q=laptop&store=6bo%2Fb5g&srno=s_1_8&otracker=search&iid=en_h1MpMMun7jgyT1sqSUfQnmK57mnucHTVo1YS9ar7vG6OwQFobAspakWf67MpPz2ofPvQ9uN8f0UbTLKCfqxvdQ%3D%3D&ssid=2oxryql5ts0000001679028787783&qH=312f91285e048e09
DELL Vostro Core i3 11th Gen ,37990,20,4,https://www.flipkart.com//dell-vostro-core-i3-11th-gen-8-gb-1-tb-hdd-256-gb-ssd-windows-11-home-3510-thin-light-laptop/p/itm94af7689e9e9a?pid=COMGH53NQJHWAYP7&lid=LSTCOMGH53NQJHWAYP7R1RMWX&marketplace=FLIPKART&q=laptop&store=6bo%2Fb5g&srno=s_1_9&otracker=search&iid=de3a8396-aca7-43c8-9b56-d155ebe089e9.COMGH53NQJHWAYP7.SEARCH&ssid=2oxryql5ts0000001679028787783&qH=312f91285e048e09
Lenovo Intel Celeron Dual Core ,25919,55,4.1,https://www.flipkart.com//lenovo-intel-celeron-dual-core-8-gb-256-gb-ssd-windows-11-home-81wq00mqin-81wq00nxin-laptop/p/itm2560cd9192f02?pid=COMGDMXVJJB2HGMY&lid=LSTCOMGDMXVJJB2HGMYLAIFLM&marketplace=FLIPKART&q=laptop&store=6bo%2Fb5g&srno=s_1_10&otracker=search&iid=de3a8396-aca7-43c8-9b56-d155ebe089e9.COMGDMXVJJB2HGMY.SEARCH&ssid=2oxryql5ts0000001679028787783&qH=312f91285e048e09
ASUS VivoBook K15 OLED Ryzen 7 Octa Core AMD R7,55990,136,4.4,https://www.flipkart.com//asus-vivobook-k15-oled-ryzen-7-octa-core-amd-r7-5700u-16-gb-512-gb-ssd-windows-11-home-km513ua-l713ws-thin-light-laptop/p/itmb3a48eb017e5c?pid=COMGB6DZKZZVUQSW&lid=LSTCOMGB6DZKZZVUQSWWWGAPR&marketplace=FLIPKART&q=laptop&store=6bo%2Fb5g&srno=s_1_11&otracker=search&iid=de3a8396-aca7-43c8-9b56-d155ebe089e9.COMGB6DZKZZVUQSW.SEARCH&ssid=2oxryql5ts0000001679028787783&qH=312f91285e048e09
Lenovo IdeaPad 1 Ryzen 3 Dual Core 3250U ,36900,79,4.2,https://www.flipkart.com//lenovo-ideapad-1-ryzen-3-dual-core-3250u-8-gb-512-gb-ssd-windows-11-home-15ada7-thin-light-laptop/p/itm3d18297fc081a?pid=COMGFM5BYHQPXCRZ&lid=LSTCOMGFM5BYHQPXCRZHYWG3P&marketplace=FLIPKART&q=laptop&store=6bo%2Fb5g&srno=s_1_12&otracker=search&iid=en_h1MpMMun7jgyT1sqSUfQnmK57mnucHTVo1YS9ar7vG62S5S62hP66B%2FlWXM3TgGUVc1wZHsjSiLHmKal%2F9Drfw%3D%3D&ssid=2oxryql5ts0000001679028787783&qH=312f91285e048e09
acer Aspire 7 Core i5 12th Gen ,61990,361,4.3,https://www.flipkart.com//acer-aspire-7-core-i5-12th-gen-16-gb-512-gb-ssd-windows-11-home-4-graphics-nvidia-geforce-gtx-1650-a715-5g-a715-51g-gaming-laptop/p/itmb33526c6a57b8?pid=COMGGJZVRQHWHDVH&lid=LSTCOMGGJZVRQHWHDVHT5QLFD&marketplace=FLIPKART&q=laptop&store=6bo%2Fb5g&srno=s_1_13&otracker=search&iid=de3a8396-aca7-43c8-9b56-d155ebe089e9.COMGGJZVRQHWHDVH.SEARCH&ssid=2oxryql5ts0000001679028787783&qH=312f91285e048e09
ASUS TUF Gaming A17 with 90Whr Battery Ryzen 5 Hexa Core AMD R5,54990,199,4.4,https://www.flipkart.com//asus-tuf-gaming-a17-90whr-battery-ryzen-5-hexa-core-amd-r5-4600h-8-gb-512-gb-ssd-windows-11-home-4-graphics-nvidia-geforce-gtx-1650-144-hz-fa706ihrb-hx041w-laptop/p/itm210385fd14c7a?pid=COMGFYQZZFRKBNWV&lid=LSTCOMGFYQZZFRKBNWVYP70VR&marketplace=FLIPKART&q=laptop&store=6bo%2Fb5g&srno=s_1_14&otracker=search&iid=de3a8396-aca7-43c8-9b56-d155ebe089e9.COMGFYQZZFRKBNWV.SEARCH&ssid=2oxryql5ts0000001679028787783&qH=312f91285e048e09
ASUS VivoBook K15 OLED (2022) Ryzen 5 Hexa Core AMD R5,46990,161,4.4,https://www.flipkart.com//asus-vivobook-k15-oled-2022-ryzen-5-hexa-core-amd-r5-5500u-8-gb-1-tb-hdd-256-gb-ssd-windows-11-home-km513ua-l502ws-thin-light-laptop/p/itmbe79f1096e453?pid=COMG87FFPDWUZAKE&lid=LSTCOMG87FFPDWUZAKEIKWIHF&marketplace=FLIPKART&q=laptop&store=6bo%2Fb5g&srno=s_1_15&otracker=search&iid=de3a8396-aca7-43c8-9b56-d155ebe089e9.COMG87FFPDWUZAKE.SEARCH&ssid=2oxryql5ts0000001679028787783&qH=312f91285e048e09
Lenovo IdeaPad Ryzen 5 Hexa Core 5600H ,49990,,,https://www.flipkart.com//lenovo-ideapad-ryzen-5-hexa-core-5600h-8-gb-512-gb-ssd-windows-11-home-4-graphics-nvidia-geforce-gtx-1650-15ach6-gaming-laptop/p/itm5b976fec95d0c?pid=COMGN2YDYPFNZPMY&lid=LSTCOMGN2YDYPFNZPMYSRVJIE&marketplace=FLIPKART&q=laptop&store=6bo%2Fb5g&srno=s_1_16&otracker=search&iid=en_h1MpMMun7jgyT1sqSUfQnmK57mnucHTVo1YS9ar7vG4d3b5QXxY6pD8YS8sgA6UmlJZn5kV01OzVNEx9R6XtyQ%3D%3D&ssid=2oxryql5ts0000001679028787783&qH=312f91285e048e09
HP 15s Intel Core i5 12th Gen ,59990,172,4.2,https://www.flipkart.com//hp-15s-intel-core-i5-12th-gen-8-gb-512-gb-ssd-windows-11-home-15s-fq5111tu-thin-light-laptop/p/itmbecf654716fd5?pid=COMGG63HGDTFCCGW&lid=LSTCOMGG63HGDTFCCGWLETTA9&marketplace=FLIPKART&q=laptop&store=6bo%2Fb5g&srno=s_1_17&otracker=search&iid=de3a8396-aca7-43c8-9b56-d155ebe089e9.COMGG63HGDTFCCGW.SEARCH&ssid=2oxryql5ts0000001679028787783&qH=312f91285e048e09
HP Ryzen 3 Quad Core 5300U ,39790,263,4.3,https://www.flipkart.com//hp-ryzen-3-quad-core-5300u-8-gb-512-gb-ssd-windows-11-home-14s-fq1089au-thin-light-laptop/p/itm30e084d034979?pid=COMGAY9Y7WXZYFDA&lid=LSTCOMGAY9Y7WXZYFDAYEJGOH&marketplace=FLIPKART&q=laptop&store=6bo%2Fb5g&srno=s_1_18&otracker=search&iid=de3a8396-aca7-43c8-9b56-d155ebe089e9.COMGAY9Y7WXZYFDA.SEARCH&ssid=2oxryql5ts0000001679028787783&qH=312f91285e048e09
HP Ryzen 9 Octa Core 6900HX ,155390,,,https://www.flipkart.com//hp-ryzen-9-octa-core-6900hx-32-gb-1-tb-ssd-windows-11-home-8-gb-graphics-amd-radeon-rx-6650m-16-n0051ax-gaming-laptop/p/itmbfdda5dfb7861?pid=COMGHGYYUFPUPPZZ&lid=LSTCOMGHGYYUFPUPPZZHA8LMI&marketplace=FLIPKART&q=laptop&store=6bo%2Fb5g&srno=s_1_19&otracker=search&iid=de3a8396-aca7-43c8-9b56-d155ebe089e9.COMGHGYYUFPUPPZZ.SEARCH&ssid=2oxryql5ts0000001679028787783&qH=312f91285e048e09
Lenovo IdeaPad 3 Core i3 11th Gen ,40490,457,4.3,https://www.flipkart.com//lenovo-ideapad-3-core-i3-11th-gen-8-gb-512-gb-ssd-windows-11-home-82h801l7in-82h802fjin-82h802l3in-82h801lhin-thin-light-laptop/p/itm0e009f57a591b?pid=COMG9VHHG6Q3RRJX&lid=LSTCOMG9VHHG6Q3RRJXQHPK6Q&marketplace=FLIPKART&q=laptop&store=6bo%2Fb5g&srno=s_1_20&otracker=search&iid=en_h1MpMMun7jgyT1sqSUfQnmK57mnucHTVo1YS9ar7vG6BTpKnOmWn98hvdmNXbM6RA8e7LX5u%2Bn%2FwoAnHGy5c8w%3D%3D&ssid=2oxryql5ts0000001679028787783&qH=312f91285e048e09
ASUS TUF Gaming A17 with 90Whr Battery Ryzen 7 Octa Core AMD R7,67990,133,4.4,https://www.flipkart.com//asus-tuf-gaming-a17-90whr-battery-ryzen-7-octa-core-amd-r7-4800h-8-gb-512-gb-ssd-windows-11-home-4-graphics-nvidia-geforce-rtx-3050-144-hz-fa706icb-hx061w-fa706ic-hx036w-laptop/p/itm1d301df445d80?pid=COMGB732ZPGYB2JP&lid=LSTCOMGB732ZPGYB2JPYP6PAL&marketplace=FLIPKART&q=laptop&store=6bo%2Fb5g&srno=s_1_21&otracker=search&iid=de3a8396-aca7-43c8-9b56-d155ebe089e9.COMGB732ZPGYB2JP.SEARCH&ssid=2oxryql5ts0000001679028787783&qH=312f91285e048e09
ASUS Vivobook 15 Core i7 11th Gen ,53990,21,4.1,https://www.flipkart.com//asus-vivobook-15-core-i7-11th-gen-16-gb-512-gb-ssd-windows-11-home-x515ea-ej701ws-thin-light-laptop/p/itmb91512fec2b91?pid=COMGJTC4GY5PV8PD&lid=LSTCOMGJTC4GY5PV8PDYU63VL&marketplace=FLIPKART&q=laptop&store=6bo%2Fb5g&srno=s_1_22&otracker=search&iid=de3a8396-aca7-43c8-9b56-d155ebe089e9.COMGJTC4GY5PV8PD.SEARCH&ssid=2oxryql5ts0000001679028787783&qH=312f91285e048e09
DELL Core i5 12th Gen ,73990,3,4.4,https://www.flipkart.com//dell-core-i5-12th-gen-16-gb-512-gb-ssd-windows-11-home-new-inspiron-15-metal-laptop-thin-light/p/itm5f4212e9c967a?pid=COMGJ75HG3KKPEQS&lid=LSTCOMGJ75HG3KKPEQSTK0UZR&marketplace=FLIPKART&q=laptop&store=6bo%2Fb5g&srno=s_1_23&otracker=search&iid=de3a8396-aca7-43c8-9b56-d155ebe089e9.COMGJ75HG3KKPEQS.SEARCH&ssid=2oxryql5ts0000001679028787783&qH=312f91285e048e09
MSI Ryzen 7 Octa Core 5700U ,52990,13,4.2,https://www.flipkart.com//msi-ryzen-7-octa-core-5700u-8-gb-512-gb-ssd-windows-11-home-modern-15-a5m-280in-notebook/p/itm6f39f9e859ea0?pid=COMGGJMYS2D88GQP&lid=LSTCOMGGJMYS2D88GQPFEETG9&marketplace=FLIPKART&q=laptop&store=6bo%2Fb5g&srno=s_1_24&otracker=search&iid=en_h1MpMMun7jgyT1sqSUfQnmK57mnucHTVo1YS9ar7vG6PHxKNL6WUtIlSo2lPA702rMWzHqnGzmZdfVNU6DB9ng%3D%3D&ssid=2oxryql5ts0000001679028787783&qH=312f91285e048e09
ASUS VivoBook 15 (2022) Core i3 10th Gen ,33490,1081,4.3,https://www.flipkart.com//asus-vivobook-15-2022-core-i3-10th-gen-8-gb-512-gb-ssd-windows-11-home-x515ja-ej362ws-x515ja-ej392ws-x515ja-ej382ws-thin-light-laptop/p/itm8e0e9c901e006?pid=COMG87FFPEDAAGXW&lid=LSTCOMG87FFPEDAAGXWTMCIPI&marketplace=FLIPKART&q=laptop&store=6bo%2Fb5g&srno=s_2_25&otracker=search&iid=9fadefde-753b-4101-8315-8f9fb5c46827.COMG87FFPEDAAGXW.SEARCH&ssid=j3gb01i3b40000001679028789710&qH=312f91285e048e09
HP 15s Intel Core i3 12th Gen ,44990,29,4.2,https://www.flipkart.com//hp-15s-intel-core-i3-12th-gen-8-gb-512-gb-ssd-windows-11-home-15s-fq5007tu-thin-light-laptop/p/itm559f5c880dc4a?pid=COMGKW2NSU4SPZSG&lid=LSTCOMGKW2NSU4SPZSGEOIPKZ&marketplace=FLIPKART&q=laptop&store=6bo%2Fb5g&srno=s_2_26&otracker=search&iid=9fadefde-753b-4101-8315-8f9fb5c46827.COMGKW2NSU4SPZSG.SEARCH&ssid=j3gb01i3b40000001679028789710&qH=312f91285e048e09
HP Athlon Dual Core 3050U ,27990,83,4,https://www.flipkart.com//hp-athlon-dual-core-3050u-8-gb-256-gb-ssd-windows-11-home-14s-fq0568au-thin-light-laptop/p/itm69710a61fcfdf?pid=COMGG63HHFBZ2BZP&lid=LSTCOMGG63HHFBZ2BZPO05AZF&marketplace=FLIPKART&q=laptop&store=6bo%2Fb5g&srno=s_2_27&otracker=search&iid=9fadefde-753b-4101-8315-8f9fb5c46827.COMGG63HHFBZ2BZP.SEARCH&ssid=j3gb01i3b40000001679028789710&qH=312f91285e048e09
Lenovo IdeaPad 3 Core i3 11th Gen ,33990,71,4.2,https://www.flipkart.com//lenovo-ideapad-3-core-i3-11th-gen-8-gb-256-gb-ssd-windows-11-home-14itl05-thin-light-laptop/p/itme5d4463121c64?pid=COMG9VKERHP4FACH&lid=LSTCOMG9VKERHP4FACHOL4YVH&marketplace=FLIPKART&q=laptop&store=6bo%2Fb5g&srno=s_2_28&otracker=search&iid=en_z%2BdkiFEQAQtiJ4ucWxVKjcMSH5H5h6xVl4wf9rS3YvyBz1vfZpFFG86iaWUKtXDSgKi1nd4qoCaFDcvdIK0Gng%3D%3D&ssid=j3gb01i3b40000001679028789710&qH=312f91285e048e09
MSI Bravo 15 Ryzen 5 Hexa Core AMD R5,49990,322,4.4,https://www.flipkart.com//msi-bravo-15-ryzen-5-hexa-core-amd-r5-5600h-8-gb-512-gb-ssd-windows-11-home-4-graphics-amd-radeon-rx-5500m-144-hz-b5dd-410in-gaming-laptop/p/itm12cedc4da03bc?pid=COMGGHMQVWN6JJGC&lid=LSTCOMGGHMQVWN6JJGCTAUNJV&marketplace=FLIPKART&q=laptop&store=6bo%2Fb5g&srno=s_2_29&otracker=search&iid=9fadefde-753b-4101-8315-8f9fb5c46827.COMGGHMQVWN6JJGC.SEARCH&ssid=j3gb01i3b40000001679028789710&qH=312f91285e048e09
Lenovo IdeaPad Slim 3 Core i3 11th Gen ,33490,,,https://www.flipkart.com//lenovo-ideapad-slim-3-core-i3-11th-gen-8-gb-256-gb-ssd-windows-11-home-15itl05-thin-light-laptop/p/itm409e7356d6162?pid=COMGN29YGMXF5DNH&lid=LSTCOMGN29YGMXF5DNHZKTYJV&marketplace=FLIPKART&q=laptop&store=6bo%2Fb5g&srno=s_2_30&otracker=search&iid=9fadefde-753b-4101-8315-8f9fb5c46827.COMGN29YGMXF5DNH.SEARCH&ssid=j3gb01i3b40000001679028789710&qH=312f91285e048e09
HP 15s Intel Core i3 11th Gen ,39490,48,4.2,https://www.flipkart.com//hp-15s-intel-core-i3-11th-gen-8-gb-512-gb-ssd-windows-11-home-15s-fr2511tu-thin-light-laptop/p/itm89ae6cdc52fdc?pid=COMGG3S9ZPRYMXS5&lid=LSTCOMGG3S9ZPRYMXS5I5YSF2&marketplace=FLIPKART&q=laptop&store=6bo%2Fb5g&srno=s_2_31&otracker=search&iid=9fadefde-753b-4101-8315-8f9fb5c46827.COMGG3S9ZPRYMXS5.SEARCH&ssid=j3gb01i3b40000001679028789710&qH=312f91285e048e09
Lenovo IdeaPad 3 Ryzen 5 Hexa Core 5500U ,45990,186,4.3,https://www.flipkart.com//lenovo-ideapad-3-ryzen-5-hexa-core-5500u-8-gb-512-gb-ssd-windows-11-home-15alc6-thin-light-laptop/p/itm790def6ef6b6f?pid=COMG9VHHF6HVJPP9&lid=LSTCOMG9VHHF6HVJPP9U213LU&marketplace=FLIPKART&q=laptop&store=6bo%2Fb5g&srno=s_2_32&otracker=search&iid=en_z%2BdkiFEQAQtiJ4ucWxVKjcMSH5H5h6xVl4wf9rS3Yvx8%2FEJRvWJv4smi5zlhJbiJMWKisRa%2FYuQTUzHVXP9aTA%3D%3D&ssid=j3gb01i3b40000001679028789710&qH=312f91285e048e09
HP Victus Ryzen 5 Hexa Core 5600H ,57990,4,4.3,https://www.flipkart.com//hp-victus-ryzen-5-hexa-core-5600h-8-gb-512-gb-ssd-windows-11-home-4-graphics-nvidia-geforce-gtx-1650-144-hz-15-fb0888ax-gaming-laptop/p/itm200db46600976?pid=COMGHYYKRF3H6DGB&lid=LSTCOMGHYYKRF3H6DGBO58MU6&marketplace=FLIPKART&q=laptop&store=6bo%2Fb5g&srno=s_2_33&otracker=search&iid=9fadefde-753b-4101-8315-8f9fb5c46827.COMGHYYKRF3H6DGB.SEARCH&ssid=j3gb01i3b40000001679028789710&qH=312f91285e048e09
HP 14s Intel Core i3 11th Gen ,40990,335,4.2,https://www.flipkart.com//hp-14s-intel-core-i3-11th-gen-8-gb-512-gb-ssd-windows-11-home-dy2508tu-thin-light-laptop/p/itm49f4531237a12?pid=COMGGTT4VFWG3FFM&lid=LSTCOMGGTT4VFWG3FFMB7VNLU&marketplace=FLIPKART&q=laptop&store=6bo%2Fb5g&srno=s_2_34&otracker=search&iid=9fadefde-753b-4101-8315-8f9fb5c46827.COMGGTT4VFWG3FFM.SEARCH&ssid=j3gb01i3b40000001679028789710&qH=312f91285e048e09
DELL Inspiron Core i5 11th Gen ,49990,0,3.9,https://www.flipkart.com//dell-inspiron-core-i5-11th-gen-8-gb-512-gb-ssd-windows-11-home-3511-thin-light-laptop/p/itmfc00129bfb0c7?pid=COMGF478XMB8URCH&lid=LSTCOMGF478XMB8URCHJHKSDC&marketplace=FLIPKART&q=laptop&store=6bo%2Fb5g&srno=s_2_35&otracker=search&iid=9fadefde-753b-4101-8315-8f9fb5c46827.COMGF478XMB8URCH.SEARCH&ssid=j3gb01i3b40000001679028789710&qH=312f91285e048e09
RedmiBook Pro Core i5 11th Gen ,39990,,,https://www.flipkart.com//redmibook-pro-core-i5-11th-gen-8-gb-512-gb-ssd-windows-11-home-thin-light-laptop/p/itm436427e982703?pid=COMG4Z359A4Z3MFG&lid=LSTCOMG4Z359A4Z3MFGOJQLGB&marketplace=FLIPKART&q=laptop&store=6bo%2Fb5g&srno=s_2_36&otracker=search&iid=en_z%2BdkiFEQAQtiJ4ucWxVKjcMSH5H5h6xVl4wf9rS3YvyZYFjtBTO5KoLatrMmleeuRDCkPIKXveh5fS0JKmLCDg%3D%3D&ssid=j3gb01i3b40000001679028789710&qH=312f91285e048e09
HP Ryzen 3 Quad Core R3 3250 ,31990,,,https://www.flipkart.com//hp-ryzen-3-quad-core-r3-3250-8-gb-512-gb-ssd-windows-11-home-255-g8-business-laptop/p/itmda19d55e0c8c5?pid=COMGNFU7MHGWNHHA&lid=LSTCOMGNFU7MHGWNHHAOI3E5K&marketplace=FLIPKART&q=laptop&store=6bo%2Fb5g&srno=s_2_37&otracker=search&iid=9fadefde-753b-4101-8315-8f9fb5c46827.COMGNFU7MHGWNHHA.SEARCH&ssid=j3gb01i3b40000001679028789710&qH=312f91285e048e09
acer Extensa Core i3 11th Gen ,34990,85,4.2,https://www.flipkart.com//acer-extensa-core-i3-11th-gen-8-gb-512-gb-ssd-windows-11-home-ex-215-54-215-54-356v-thin-light-laptop/p/itma0e47f328b15d?pid=COMGGYEBDUJ4PYS9&lid=LSTCOMGGYEBDUJ4PYS9H9GDDB&marketplace=FLIPKART&q=laptop&store=6bo%2Fb5g&srno=s_2_38&otracker=search&iid=9fadefde-753b-4101-8315-8f9fb5c46827.COMGGYEBDUJ4PYS9.SEARCH&ssid=j3gb01i3b40000001679028789710&qH=312f91285e048e09
ASUS VivoBook 14 Pentium Silver ,25990,31,4.1,https://www.flipkart.com//asus-vivobook-14-pentium-silver-4-gb-256-gb-ssd-windows-11-home-x415ka-ek111ws-thin-light-laptop/p/itmeed292d4767e4?pid=COMGB6DZNPPJHUVV&lid=LSTCOMGB6DZNPPJHUVV0C5AXS&marketplace=FLIPKART&q=laptop&store=6bo%2Fb5g&srno=s_2_39&otracker=search&iid=9fadefde-753b-4101-8315-8f9fb5c46827.COMGB6DZNPPJHUVV.SEARCH&ssid=j3gb01i3b40000001679028789710&qH=312f91285e048e09
Lenovo Yoga Slim 7 Pro Core i5 11th Gen ,69990,,,https://www.flipkart.com//lenovo-yoga-slim-7-pro-core-i5-11th-gen-16-gb-512-gb-ssd-windows-11-home-14ihu5-thin-light-laptop/p/itmaeae9b77d73f9?pid=COMGH3UFDF63TZYW&lid=LSTCOMGH3UFDF63TZYWF1KPOM&marketplace=FLIPKART&q=laptop&store=6bo%2Fb5g&srno=s_2_40&otracker=search&iid=en_z%2BdkiFEQAQtiJ4ucWxVKjcMSH5H5h6xVl4wf9rS3YvxuB65BPnK5g4t8Ec%2FIg4GCQ0%2BSJvVRtw%2Bc5VHxaJkwzg%3D%3D&ssid=j3gb01i3b40000001679028789710&qH=312f91285e048e09
MSI Core i5 11th Gen ,59990,23,4.4,https://www.flipkart.com//msi-core-i5-11th-gen-8-gb-512-gb-ssd-windows-10-home-4-graphics-nvidia-geforce-gtx-1650-max-q-144-hz-gf63-thin-11sc-853in-gaming-laptop/p/itm0d8eb0874d9fe?pid=COMGEY8WNGQNKE5G&lid=LSTCOMGEY8WNGQNKE5GODBFR4&marketplace=FLIPKART&q=laptop&store=6bo%2Fb5g&srno=s_2_41&otracker=search&iid=9fadefde-753b-4101-8315-8f9fb5c46827.COMGEY8WNGQNKE5G.SEARCH&ssid=j3gb01i3b40000001679028789710&qH=312f91285e048e09
ASUS Vivobook 15 Touch Core i3 11th Gen ,38990,50,4.3,https://www.flipkart.com//asus-vivobook-15-touch-core-i3-11th-gen-8-gb-512-gb-ssd-windows-11-home-x515ea-ez311ws-thin-light-laptop/p/itm9280b4ca3969f?pid=COMGEFDUVGNNCZVU&lid=LSTCOMGEFDUVGNNCZVUM0H7GM&marketplace=FLIPKART&q=laptop&store=6bo%2Fb5g&srno=s_2_42&otracker=search&iid=9fadefde-753b-4101-8315-8f9fb5c46827.COMGEFDUVGNNCZVU.SEARCH&ssid=j3gb01i3b40000001679028789710&qH=312f91285e048e09
MSI Core i9 12th Gen ,124990,9,4.4,https://www.flipkart.com//msi-core-i9-12th-gen-16-gb-1-tb-ssd-windows-11-home-6-gb-graphics-nvidia-geforce-rtx-3060-165-hz-pulse-gl66-12uek-898in-gaming-laptop/p/itme75f133bf4841?pid=COMGGZ23QXZZVECG&lid=LSTCOMGGZ23QXZZVECGQKCCNO&marketplace=FLIPKART&q=laptop&store=6bo%2Fb5g&srno=s_2_43&otracker=search&iid=9fadefde-753b-4101-8315-8f9fb5c46827.COMGGZ23QXZZVECG.SEARCH&ssid=j3gb01i3b40000001679028789710&qH=312f91285e048e09
Lenovo IdeaPad 1 Ryzen 3 Dual Core 3250U ,36900,79,4.2,https://www.flipkart.com//lenovo-ideapad-1-ryzen-3-dual-core-3250u-8-gb-512-gb-ssd-windows-11-home-15ada7-thin-light-laptop/p/itm3d18297fc081a?pid=COMGFM5BYHQPXCRZ&lid=LSTCOMGFM5BYHQPXCRZHYWG3P&marketplace=FLIPKART&q=laptop&store=6bo%2Fb5g&srno=s_2_44&otracker=search&iid=en_z%2BdkiFEQAQtiJ4ucWxVKjcMSH5H5h6xVl4wf9rS3YvwJYp1uD68aljJZ7AeSLOJZy9TaYVpceElUeckthy8UYw%3D%3D&ssid=j3gb01i3b40000001679028789710&qH=312f91285e048e09
HP Pavilion Ryzen 5 Hexa Core 5625U ,52999,24,4.3,https://www.flipkart.com//hp-pavilion-ryzen-5-hexa-core-5625u-8-gb-512-gb-ssd-windows-11-home-14-ec1003au-thin-light-laptop/p/itm1a257206fe320?pid=COMGCGSTVVGKQTVA&lid=LSTCOMGCGSTVVGKQTVAJVF572&marketplace=FLIPKART&q=laptop&store=6bo%2Fb5g&srno=s_2_45&otracker=search&iid=9fadefde-753b-4101-8315-8f9fb5c46827.COMGCGSTVVGKQTVA.SEARCH&ssid=j3gb01i3b40000001679028789710&qH=312f91285e048e09
ASUS VivoBook 14 (2022) Ryzen 5 Quad Core AMD R5,37990,40,4.2,https://www.flipkart.com//asus-vivobook-14-2022-ryzen-5-quad-core-amd-r5-3500u-8-gb-512-gb-ssd-windows-11-home-m415da-eb712ws-thin-light-laptop/p/itm291ea229a80a6?pid=COMGCG2GZKRCJUBZ&lid=LSTCOMGCG2GZKRCJUBZ1XPKVP&marketplace=FLIPKART&q=laptop&store=6bo%2Fb5g&srno=s_2_46&otracker=search&iid=9fadefde-753b-4101-8315-8f9fb5c46827.COMGCG2GZKRCJUBZ.SEARCH&ssid=j3gb01i3b40000001679028789710&qH=312f91285e048e09
ASUS Vivobook Pro 15 Ryzen 7 Octa Core AMD R7,59990,122,4.5,https://www.flipkart.com//asus-vivobook-pro-15-ryzen-7-octa-core-amd-r7-4800h-16-gb-512-gb-ssd-windows-11-home-4-graphics-nvidia-geforce-gtx-1650-max-q-m6500ih-hn701ws-creator-laptop/p/itm817ed9fab3f5d?pid=COMGG3S9Y9PWSRZS&lid=LSTCOMGG3S9Y9PWSRZS16LXOD&marketplace=FLIPKART&q=laptop&store=6bo%2Fb5g&srno=s_2_47&otracker=search&iid=9fadefde-753b-4101-8315-8f9fb5c46827.COMGG3S9Y9PWSRZS.SEARCH&ssid=j3gb01i3b40000001679028789710&qH=312f91285e048e09
Lenovo IdeaPad Ryzen 5 Hexa Core 5600H ,49990,,,https://www.flipkart.com//lenovo-ideapad-ryzen-5-hexa-core-5600h-8-gb-512-gb-ssd-windows-11-home-4-graphics-nvidia-geforce-gtx-1650-15ach6-gaming-laptop/p/itm5b976fec95d0c?pid=COMGN2YDYPFNZPMY&lid=LSTCOMGN2YDYPFNZPMYSRVJIE&marketplace=FLIPKART&q=laptop&store=6bo%2Fb5g&srno=s_2_48&otracker=search&iid=en_z%2BdkiFEQAQtiJ4ucWxVKjcMSH5H5h6xVl4wf9rS3YvxD0kI4PogemVZQ4nM79wI%2FmwNcgRpn5LKJ6fatQDnxIA%3D%3D&ssid=j3gb01i3b40000001679028789710&qH=312f91285e048e09
ASUS Vivobook Ultra 14 (2022) Core i3 11th Gen ,38990,49,4.3,https://www.flipkart.com//asus-vivobook-ultra-14-2022-core-i3-11th-gen-8-gb-512-gb-ssd-windows-11-home-k413ea-eb303ws-thin-light-laptop/p/itmed47dfaab19e0?pid=COMGCXD8CU7RQXEE&lid=LSTCOMGCXD8CU7RQXEE27WDFJ&marketplace=FLIPKART&q=laptop&store=6bo%2Fb5g&srno=s_3_49&otracker=search&iid=d26d23e8-9809-407d-926b-fa0e5f5a1341.COMGCXD8CU7RQXEE.SEARCH&ssid=be73slk8ao0000001679028791293&qH=312f91285e048e09
ASUS Vivobook 15 Touch Core i5 11th Gen ,49990,17,4.3,https://www.flipkart.com//asus-vivobook-15-touch-core-i5-11th-gen-8-gb-512-gb-ssd-windows-11-home-x515ea-ez501ws-thin-light-laptop/p/itm26c5a90e36562?pid=COMGEFDUTSJZGPRS&lid=LSTCOMGEFDUTSJZGPRSMJ1UDU&marketplace=FLIPKART&q=laptop&store=6bo%2Fb5g&srno=s_3_50&otracker=search&iid=d26d23e8-9809-407d-926b-fa0e5f5a1341.COMGEFDUTSJZGPRS.SEARCH&ssid=be73slk8ao0000001679028791293&qH=312f91285e048e09
Lenovo Ideapad Gaming 3 Ryzen 5 Hexa Core AMD R5,68990,2,4.5,https://www.flipkart.com//lenovo-ideapad-gaming-3-ryzen-5-hexa-core-amd-r5-5600h-16-gb-512-gb-ssd-windows-11-home-4-graphics-nvidia-geforce-rtx-3050-120-hz-15ach6-laptop/p/itme0771e1bca2f6?pid=COMGEMAYHVZFF6CZ&lid=LSTCOMGEMAYHVZFF6CZQQJRU4&marketplace=FLIPKART&q=laptop&store=6bo%2Fb5g&srno=s_3_51&otracker=search&iid=d26d23e8-9809-407d-926b-fa0e5f5a1341.COMGEMAYHVZFF6CZ.SEARCH&ssid=be73slk8ao0000001679028791293&qH=312f91285e048e09
Lenovo IdeaPad Core i5 11th Gen ,55990,236,4.3,https://www.flipkart.com//lenovo-ideapad-core-i5-11th-gen-8-gb-512-gb-ssd-windows-11-home-4-graphics-nvidia-geforce-gtx-1650-120-hz-15ihu6-gaming-laptop/p/itmd97b199a502f3?pid=COMGHRH8ZQHBGZ22&lid=LSTCOMGHRH8ZQHBGZ22IEYKYV&marketplace=FLIPKART&q=laptop&store=6bo%2Fb5g&srno=s_3_52&otracker=search&iid=en_zSsFTlZRDJS5qfIkPLpUcPzKU2u5n3hbtYh7neoAjXAT4S5xhOk8Z%2BGi2L4bhIDW3yrrP78xAqRzEQuXfSWZag%3D%3D&ssid=be73slk8ao0000001679028791293&qH=312f91285e048e09
Lenovo Lenovo IdeaPad Slim 3 Intel Core i3 11th Gen ,33890,25,4.2,https://www.flipkart.com//lenovo-ideapad-slim-3-intel-core-i3-11th-gen-8-gb-256-gb-ssd-windows-11-home-15itl05-thin-light-laptop/p/itmfeceb3575a35f?pid=COMGHA9RPMRF2BAR&lid=LSTCOMGHA9RPMRF2BARF6GSIV&marketplace=FLIPKART&q=laptop&store=6bo%2Fb5g&srno=s_3_53&otracker=search&iid=d26d23e8-9809-407d-926b-fa0e5f5a1341.COMGHA9RPMRF2BAR.SEARCH&ssid=be73slk8ao0000001679028791293&qH=312f91285e048e09
Lenovo Athlon Dual Core ,18990,5,3.6,https://www.flipkart.com//lenovo-athlon-dual-core-4-gb-256-gb-ssd-dos-e41-55-45-2-laptop/p/itm3a9379e2f6ee9?pid=COMGHYAS6GRKGANP&lid=LSTCOMGHYAS6GRKGANPOVKX3Q&marketplace=FLIPKART&q=laptop&store=6bo%2Fb5g&srno=s_3_54&otracker=search&iid=d26d23e8-9809-407d-926b-fa0e5f5a1341.COMGHYAS6GRKGANP.SEARCH&ssid=be73slk8ao0000001679028791293&qH=312f91285e048e09
APPLE 2020 Macbook Air M1 ,86990,823,4.7,https://www.flipkart.com//apple-2020-macbook-air-m1-8-gb-256-gb-ssd-mac-os-big-sur-mgn63hn-a/p/itmde54f026889ce?pid=COMFXEKMGNHZYFH9&lid=LSTCOMFXEKMGNHZYFH9P56X45&marketplace=FLIPKART&q=laptop&store=6bo%2Fb5g&srno=s_3_55&otracker=search&iid=d26d23e8-9809-407d-926b-fa0e5f5a1341.COMFXEKMGNHZYFH9.SEARCH&ssid=be73slk8ao0000001679028791293&qH=312f91285e048e09
Lenovo Lenovo IdeaPad Slim 5 Intel Core i5 12th Gen ,68990,1,3.7,https://www.flipkart.com//lenovo-ideapad-slim-5-intel-core-i5-12th-gen-16-gb-512-gb-ssd-windows-11-home-15ial7-thin-light-laptop/p/itm69522ab63975c?pid=COMGGR9SQP6QHU64&lid=LSTCOMGGR9SQP6QHU64BBTKEZ&marketplace=FLIPKART&q=laptop&store=6bo%2Fb5g&srno=s_3_56&otracker=search&iid=en_zSsFTlZRDJS5qfIkPLpUcPzKU2u5n3hbtYh7neoAjXCSfp3HFF%2FBwfu7nRtzqA6%2Fv8d%2FiRAVMUh7Ksm2OucvJQ%3D%3D&ssid=be73slk8ao0000001679028791293&qH=312f91285e048e09
HP Pavilion Intel Core i5 12th Gen ,66999,29,4.4,https://www.flipkart.com//hp-pavilion-intel-core-i5-12th-gen-16-gb-512-gb-ssd-windows-11-home-14-dv2014tu-thin-light-laptop/p/itmf2da8088aa614?pid=COMGEG3ZNYZDAYVJ&lid=LSTCOMGEG3ZNYZDAYVJNYHV3Q&marketplace=FLIPKART&q=laptop&store=6bo%2Fb5g&srno=s_3_57&otracker=search&iid=d26d23e8-9809-407d-926b-fa0e5f5a1341.COMGEG3ZNYZDAYVJ.SEARCH&ssid=be73slk8ao0000001679028791293&qH=312f91285e048e09
ASUS Zenbook 14 OLED (2023) Ryzen 7 Octa Core 7730U ,99990,,,https://www.flipkart.com//asus-zenbook-14-oled-2023-ryzen-7-octa-core-7730u-16-gb-512-gb-ssd-windows-11-home-um3402ya-km741ws-thin-light-laptop/p/itma63292b944d68?pid=COMGMGXFVZFJZNF2&lid=LSTCOMGMGXFVZFJZNF2LRWWGK&marketplace=FLIPKART&q=laptop&store=6bo%2Fb5g&srno=s_3_58&otracker=search&iid=d26d23e8-9809-407d-926b-fa0e5f5a1341.COMGMGXFVZFJZNF2.SEARCH&ssid=be73slk8ao0000001679028791293&qH=312f91285e048e09
DELL Core i5 12th Gen ,57990,5,4.1,https://www.flipkart.com//dell-core-i5-12th-gen-8-gb-1-tb-hdd-256-gb-ssd-windows-11-home-new-inspiron-15-laptop-thin-light/p/itm148ac85e4b92b?pid=COMGKAVGAGWWHZ2Y&lid=LSTCOMGKAVGAGWWHZ2YTPN3MS&marketplace=FLIPKART&q=laptop&store=6bo%2Fb5g&srno=s_3_59&otracker=search&iid=d26d23e8-9809-407d-926b-fa0e5f5a1341.COMGKAVGAGWWHZ2Y.SEARCH&ssid=be73slk8ao0000001679028791293&qH=312f91285e048e09
HP Ryzen 9 Octa Core 6900HX ,155390,,,https://www.flipkart.com//hp-ryzen-9-octa-core-6900hx-32-gb-1-tb-ssd-windows-11-home-8-gb-graphics-amd-radeon-rx-6650m-16-n0051ax-gaming-laptop/p/itmbfdda5dfb7861?pid=COMGHGYYUFPUPPZZ&lid=LSTCOMGHGYYUFPUPPZZHA8LMI&marketplace=FLIPKART&q=laptop&store=6bo%2Fb5g&srno=s_3_60&otracker=search&iid=en_zSsFTlZRDJS5qfIkPLpUcPzKU2u5n3hbtYh7neoAjXBso36A7IrU2LCmbz4wO%2F7TNT0huGA5b67zosduBljfAQ%3D%3D&ssid=be73slk8ao0000001679028791293&qH=312f91285e048e09
APPLE 2022 MacBook AIR M2 ,131990,,,https://www.flipkart.com//apple-2022-macbook-air-m2-16-gb-256-gb-ssd-mac-os-monterey-z160000z4/p/itm4d37c39459870?pid=COMGHJEAGYZZYGUJ&lid=LSTCOMGHJEAGYZZYGUJ30YN7X&marketplace=FLIPKART&q=laptop&store=6bo%2Fb5g&srno=s_3_61&otracker=search&iid=d26d23e8-9809-407d-926b-fa0e5f5a1341.COMGHJEAGYZZYGUJ.SEARCH&ssid=be73slk8ao0000001679028791293&qH=312f91285e048e09
HP Intel Core i5 11th Gen ,53990,11,4.4,https://www.flipkart.com//hp-intel-core-i5-11th-gen-8-gb-512-gb-ssd-windows-11-home-15s-fr4000tu-thin-light-laptop/p/itm7fbaaf16c90f1?pid=COMGHN4MYVNWWQHG&lid=LSTCOMGHN4MYVNWWQHGPKYJCD&marketplace=FLIPKART&q=laptop&store=6bo%2Fb5g&srno=s_3_62&otracker=search&iid=d26d23e8-9809-407d-926b-fa0e5f5a1341.COMGHN4MYVNWWQHG.SEARCH&ssid=be73slk8ao0000001679028791293&qH=312f91285e048e09
APPLE 2022 MacBook Pro M2 ,121990,3,4.6,https://www.flipkart.com//apple-2022-macbook-pro-m2-8-gb-256-gb-ssd-mac-os-monterey-mneh3hn-a/p/itmaea892f7dd66e?pid=COMGFB2GHCBHUDTZ&lid=LSTCOMGFB2GHCBHUDTZMVC2QE&marketplace=FLIPKART&q=laptop&store=6bo%2Fb5g&spotlightTagId=TrendingId_6bo%2Fb5g&srno=s_3_63&otracker=search&iid=d26d23e8-9809-407d-926b-fa0e5f5a1341.COMGFB2GHCBHUDTZ.SEARCH&ssid=be73slk8ao0000001679028791293&qH=312f91285e048e09
Lenovo IdeaPad Gaming Core i5 11th Gen ,53990,236,4.3,https://www.flipkart.com//lenovo-ideapad-gaming-core-i5-11th-gen-8-gb-512-gb-ssd-windows-11-home-4-graphics-nvidia-geforce-gtx-1650-82k101b6in-82k101ftin-laptop/p/itm52edaf472c5df?pid=COMGFM5BFZHDDB4R&lid=LSTCOMGFM5BFZHDDB4RSEPODX&marketplace=FLIPKART&q=laptop&store=6bo%2Fb5g&srno=s_3_64&otracker=search&iid=en_zSsFTlZRDJS5qfIkPLpUcPzKU2u5n3hbtYh7neoAjXC4zbes%2BXvMdpcYR%2BE%2FdK1nHTOLdmeCbECGAe0%2FAYXFRA%3D%3D&ssid=be73slk8ao0000001679028791293&qH=312f91285e048e09
MSI Crosshair 15 Core i7 12th Gen ,107990,1,4.7,https://www.flipkart.com//msi-crosshair-15-core-i7-12th-gen-16-gb-512-gb-ssd-windows-11-home-6-graphics-nvidia-geforce-rtx-3060-144-hz-b12uez-897in-gaming-laptop/p/itmd196e45647125?pid=COMGGZ23YABHSNDH&lid=LSTCOMGGZ23YABHSNDHKUD5XA&marketplace=FLIPKART&q=laptop&store=6bo%2Fb5g&srno=s_3_65&otracker=search&iid=d26d23e8-9809-407d-926b-fa0e5f5a1341.COMGGZ23YABHSNDH.SEARCH&ssid=be73slk8ao0000001679028791293&qH=312f91285e048e09
HP Ryzen 7 Octa Core 5700U ,60990,1,4.3,https://www.flipkart.com//hp-ryzen-7-octa-core-5700u-16-gb-512-gb-ssd-windows-11-home-14s-fy1005au-thin-light-laptop/p/itm77442b0d00185?pid=COMGG3S9SZMBSGBY&lid=LSTCOMGG3S9SZMBSGBYMF5RIT&marketplace=FLIPKART&q=laptop&store=6bo%2Fb5g&srno=s_3_66&otracker=search&iid=d26d23e8-9809-407d-926b-fa0e5f5a1341.COMGG3S9SZMBSGBY.SEARCH&ssid=be73slk8ao0000001679028791293&qH=312f91285e048e09
HP Core i3 11th Gen ,35990,,,https://www.flipkart.com//hp-core-i3-11th-gen-8-gb-512-gb-ssd-windows-11-home-250-g8-laptop/p/itm100464ffeca40?pid=COMGNFVDJQZEVH6X&lid=LSTCOMGNFVDJQZEVH6XB4OIZZ&marketplace=FLIPKART&q=laptop&store=6bo%2Fb5g&srno=s_3_67&otracker=search&iid=d26d23e8-9809-407d-926b-fa0e5f5a1341.COMGNFVDJQZEVH6X.SEARCH&ssid=be73slk8ao0000001679028791293&qH=312f91285e048e09
Lenovo Lenovo IdeaPad Slim 3 Intel Core i3 11th Gen ,37200,2,3.9,https://www.flipkart.com//lenovo-ideapad-slim-3-intel-core-i3-11th-gen-8-gb-512-gb-ssd-windows-11-home-14itl6-thin-light-laptop/p/itm16e2c83bcc665?pid=COMGHMH6GVJ79VCH&lid=LSTCOMGHMH6GVJ79VCHGZMO4D&marketplace=FLIPKART&q=laptop&store=6bo%2Fb5g&srno=s_3_68&otracker=search&iid=en_zSsFTlZRDJS5qfIkPLpUcPzKU2u5n3hbtYh7neoAjXDBTUd70Rz9x7sTHgcgjKkB3%2Bg4yrTf34QHPRu0o0DLJg%3D%3D&ssid=be73slk8ao0000001679028791293&qH=312f91285e048e09
HP Pavilion Ryzen 5 Hexa Core 5625U ,72536,20,4.5,https://www.flipkart.com//hp-pavilion-ryzen-5-hexa-core-5625u-16-gb-512-gb-ssd-windows-11-home-14-ec1019au-thin-light-laptop/p/itm4ec1b61477716?pid=COMGDSFCWQY5EFZB&lid=LSTCOMGDSFCWQY5EFZBEOC5LA&marketplace=FLIPKART&q=laptop&store=6bo%2Fb5g&srno=s_3_69&otracker=search&iid=d26d23e8-9809-407d-926b-fa0e5f5a1341.COMGDSFCWQY5EFZB.SEARCH&ssid=be73slk8ao0000001679028791293&qH=312f91285e048e09
acer Aspire 7 Core i5 12th Gen ,57990,361,4.3,https://www.flipkart.com//acer-aspire-7-core-i5-12th-gen-8-gb-512-gb-ssd-windows-11-home-4-graphics-nvidia-geforce-gtx-1650-a715-51g-a715-51g-527c-gaming-laptop/p/itmec022c5e29e05?pid=COMGF33NW6RSYXWJ&lid=LSTCOMGF33NW6RSYXWJPGBHAV&marketplace=FLIPKART&q=laptop&store=6bo%2Fb5g&srno=s_3_70&otracker=search&iid=d26d23e8-9809-407d-926b-fa0e5f5a1341.COMGF33NW6RSYXWJ.SEARCH&ssid=be73slk8ao0000001679028791293&qH=312f91285e048e09
MSI Alpha 15 AMD Advantage Edition Ryzen 7 Octa Core 5800H ,79990,69,4.5,https://www.flipkart.com//msi-alpha-15-amd-advantage-ryzen-7-octa-core-5800h-8-gb-512-gb-ssd-windows-11-home-8-graphics-amd-radeon-rx-6600m-144-hz-b5eek-235in-gaming-laptop/p/itm32321e9be1e31?pid=COMGGZ234HN7DARE&lid=LSTCOMGGZ234HN7DAREXRH2PL&marketplace=FLIPKART&q=laptop&store=6bo%2Fb5g&srno=s_3_71&otracker=search&iid=d26d23e8-9809-407d-926b-fa0e5f5a1341.COMGGZ234HN7DARE.SEARCH&ssid=be73slk8ao0000001679028791293&qH=312f91285e048e09
Lenovo IdeaPad Slim 5 Ryzen 7 Hexa Core 5700U ,65990,2,4.8,https://www.flipkart.com//lenovo-ideapad-slim-5-ryzen-7-hexa-core-5700u-16-gb-512-gb-ssd-windows-11-home-82ln00jsin-thin-light-laptop/p/itm874c63bc212a2?pid=COMGJ3KRJXZ7ADVA&lid=LSTCOMGJ3KRJXZ7ADVANJVM1Y&marketplace=FLIPKART&q=laptop&store=6bo%2Fb5g&srno=s_3_72&otracker=search&iid=en_zSsFTlZRDJS5qfIkPLpUcPzKU2u5n3hbtYh7neoAjXDlW3bO%2FFU6rPnSi0%2FSIKH%2FV74%2BfHGISs3fq8CR%2B7B8aA%3D%3D&ssid=be73slk8ao0000001679028791293&qH=312f91285e048e09
MSI GP66 Leopard Core i7 11th Gen ,129990,27,4.6,https://www.flipkart.com//msi-gp66-leopard-core-i7-11th-gen-16-gb-1-tb-ssd-windows-10-home-8-gb-graphics-nvidia-geforce-rtx-3070-165-hz-11ug-693in-gaming-laptop/p/itmfcd34d91873d9?pid=COMGEY8WF6HDUVSF&lid=LSTCOMGEY8WF6HDUVSFIE9BYK&marketplace=FLIPKART&q=laptop&store=6bo%2Fb5g&srno=s_4_73&otracker=search&iid=7715761e-883a-48aa-828a-e665e171d0c5.COMGEY8WF6HDUVSF.SEARCH&ssid=z8ebwjs8sw0000001679028793033&qH=312f91285e048e09
ASUS Zenbook S 13 OLED Ryzen 5 Hexa Core 6600U ,99990,2,4.9,https://www.flipkart.com//asus-zenbook-s-13-oled-ryzen-5-hexa-core-6600u-16-gb-512-gb-ssd-windows-11-home-um5302ta-lx501ws-thin-light-laptop/p/itma0602894a9bed?pid=COMGF3324VCUJTUF&lid=LSTCOMGF3324VCUJTUF4ORQKL&marketplace=FLIPKART&q=laptop&store=6bo%2Fb5g&srno=s_4_74&otracker=search&iid=7715761e-883a-48aa-828a-e665e171d0c5.COMGF3324VCUJTUF.SEARCH&ssid=z8ebwjs8sw0000001679028793033&qH=312f91285e048e09
Infinix INBook Y1 Plus Intel Core i3 10th Gen ,29990,,,https://www.flipkart.com//infinix-inbook-y1-plus-intel-core-i3-10th-gen-8-gb-256-gb-ssd-windows-11-home-xl28-thin-light-laptop/p/itma467922442d47?pid=COMGMM3HYU32ZHDH&lid=LSTCOMGMM3HYU32ZHDHYH8G6S&marketplace=FLIPKART&q=laptop&store=6bo%2Fb5g&srno=s_4_75&otracker=search&iid=7715761e-883a-48aa-828a-e665e171d0c5.COMGMM3HYU32ZHDH.SEARCH&ssid=z8ebwjs8sw0000001679028793033&qH=312f91285e048e09
Lenovo IdeaPad Gaming 3 Ryzen 5 Hexa Core AMD R5,62990,8,4.4,https://www.flipkart.com//lenovo-ideapad-gaming-3-ryzen-5-hexa-core-amd-r5-5600h-8-gb-512-gb-ssd-windows-11-home-4-graphics-nvidia-geforce-rtx-3050-15ach6-laptop/p/itmaef9651a2d565?pid=COMGBNFUWPH6F56F&lid=LSTCOMGBNFUWPH6F56FCWFV9T&marketplace=FLIPKART&q=laptop&store=6bo%2Fb5g&srno=s_4_76&otracker=search&iid=en_l6GOk7rrHmnAxrMbNbA4wouWwj98LxfWnBHmLO%2Byd0BxjrUToeSzHqyC5sHZn43%2BM%2B9DINUXMdC5ZUot7kTExQ%3D%3D&ssid=z8ebwjs8sw0000001679028793033&qH=312f91285e048e09
ASUS Vivobook 15 OLED (2022) Core i5 12th Gen ,65990,1,4.7,https://www.flipkart.com//asus-vivobook-15-oled-2022-core-i5-12th-gen-16-gb-512-gb-ssd-windows-11-home-x1505za-l1511ws-thin-light-laptop/p/itm7987af78c94cc?pid=COMGHPPSYJ6FDVGG&lid=LSTCOMGHPPSYJ6FDVGGP1LBNJ&marketplace=FLIPKART&q=laptop&store=6bo%2Fb5g&srno=s_4_77&otracker=search&iid=7715761e-883a-48aa-828a-e665e171d0c5.COMGHPPSYJ6FDVGG.SEARCH&ssid=z8ebwjs8sw0000001679028793033&qH=312f91285e048e09
ASUS TUF Gaming A17 (2022) with 90Whr Battery Ryzen 7 Octa Core AMD R7,88990,1,4.6,https://www.flipkart.com//asus-tuf-gaming-a17-2022-90whr-battery-ryzen-7-octa-core-amd-r7-6800h-16-gb-512-gb-ssd-windows-11-home-4-graphics-nvidia-geforce-rtx-3050-fa777rc-hx027ws-laptop/p/itm72adb0e8ecc29?pid=COMGGYY3ZW8QAXZF&lid=LSTCOMGGYY3ZW8QAXZFUMHRUS&marketplace=FLIPKART&q=laptop&store=6bo%2Fb5g&srno=s_4_78&otracker=search&iid=7715761e-883a-48aa-828a-e665e171d0c5.COMGGYY3ZW8QAXZF.SEARCH&ssid=z8ebwjs8sw0000001679028793033&qH=312f91285e048e09
Lenovo IdeaPad 3 Core i5 11th Gen ,50990,21,4.2,https://www.flipkart.com//lenovo-ideapad-3-core-i5-11th-gen-8-gb-512-gb-ssd-windows-11-home-15itl6-thin-light-laptop/p/itm10f8ac508106e?pid=COMGGR9SBTFZCNDU&lid=LSTCOMGGR9SBTFZCNDU84OXGZ&marketplace=FLIPKART&q=laptop&store=6bo%2Fb5g&srno=s_4_79&otracker=search&iid=7715761e-883a-48aa-828a-e665e171d0c5.COMGGR9SBTFZCNDU.SEARCH&ssid=z8ebwjs8sw0000001679028793033&qH=312f91285e048e09
Lenovo Ideapad Gaming 3 Ryzen 5 Hexa Core 4600H ,60490,122,4.5,https://www.flipkart.com//lenovo-ideapad-gaming-3-ryzen-5-hexa-core-4600h-8-gb-1-tb-hdd-256-gb-ssd-windows-10-home-4-graphics-nvidia-geforce-gtx-1650-120-hz-15arh05-laptop/p/itm5bebf27dba264?pid=COMG36BSYCJQMNSW&lid=LSTCOMG36BSYCJQMNSWZFTKI7&marketplace=FLIPKART&q=laptop&store=6bo%2Fb5g&srno=s_4_80&otracker=search&iid=en_l6GOk7rrHmnAxrMbNbA4wouWwj98LxfWnBHmLO%2Byd0DHbDdEjHTm%2Fwq24oD7IJ5S5qoeldei2EGLiAoL3OIriA%3D%3D&ssid=z8ebwjs8sw0000001679028793033&qH=312f91285e048e09
ASUS Vivobook S14 OLED (2022) Intel EVO Core i7 12th Gen ,80990,12,4,https://www.flipkart.com//asus-vivobook-s14-oled-2022-intel-evo-core-i7-12th-gen-16-gb-512-gb-ssd-windows-11-home-s3402za-km702ws-thin-light-laptop/p/itmd1086591ca87c?pid=COMGCG2GCTYUYF4N&lid=LSTCOMGCG2GCTYUYF4NFRNNAW&marketplace=FLIPKART&q=laptop&store=6bo%2Fb5g&srno=s_4_81&otracker=search&iid=7715761e-883a-48aa-828a-e665e171d0c5.COMGCG2GCTYUYF4N.SEARCH&ssid=z8ebwjs8sw0000001679028793033&qH=312f91285e048e09
HP Pavilion Intel Core i7 12th Gen ,90990,2,4.2,https://www.flipkart.com//hp-pavilion-intel-core-i7-12th-gen-16-gb-1-tb-ssd-windows-11-home-15-eg2039tu-thin-light-laptop/p/itm0af25f45db1c3?pid=COMGDTTDMGMYVNBK&lid=LSTCOMGDTTDMGMYVNBKBLFOTU&marketplace=FLIPKART&q=laptop&store=6bo%2Fb5g&srno=s_4_82&otracker=search&iid=7715761e-883a-48aa-828a-e665e171d0c5.COMGDTTDMGMYVNBK.SEARCH&ssid=z8ebwjs8sw0000001679028793033&qH=312f91285e048e09
MSI Katana GF66 Core i5 12th Gen ,74990,5,4.6,https://www.flipkart.com//msi-katana-gf66-core-i5-12th-gen-16-gb-512-gb-ssd-windows-11-home-4-graphics-nvidia-geforce-rtx-3050-ti-144-hz-12ud-472in-gaming-laptop/p/itm0f7beb23c3a47?pid=COMGEY8WAEQYU5ZP&lid=LSTCOMGEY8WAEQYU5ZPXVBGRT&marketplace=FLIPKART&q=laptop&store=6bo%2Fb5g&srno=s_4_83&otracker=search&iid=7715761e-883a-48aa-828a-e665e171d0c5.COMGEY8WAEQYU5ZP.SEARCH&ssid=z8ebwjs8sw0000001679028793033&qH=312f91285e048e09
HP OMEN Ryzen 7 Octa Core AMD R7,118990,1,4,https://www.flipkart.com//hp-omen-ryzen-7-octa-core-amd-r7-5800h-16-gb-1-tb-ssd-windows-11-home-amd-radeon-rx-6600m-16-c0140ax-gaming-laptop/p/itme4e3070b0d22d?pid=COMGBHZBXBVHCZZR&lid=LSTCOMGBHZBXBVHCZZRETSTHG&marketplace=FLIPKART&q=laptop&store=6bo%2Fb5g&srno=s_4_84&otracker=search&iid=en_l6GOk7rrHmnAxrMbNbA4wouWwj98LxfWnBHmLO%2Byd0Drzm8k6kT0meNLXJcxLnWtRX%2FZ7%2FB489vDv6Ih%2B%2FnBEg%3D%3D&ssid=z8ebwjs8sw0000001679028793033&qH=312f91285e048e09
ASUS VivoBook K15 OLED Ryzen 5 Hexa Core AMD R5,51990,80,4.5,https://www.flipkart.com//asus-vivobook-k15-oled-ryzen-5-hexa-core-amd-r5-5500u-16-gb-512-gb-ssd-windows-11-home-km513ua-l513ws-thin-light-laptop/p/itm17fc91defb5f1?pid=COMGB6DZ2CWGEPPU&lid=LSTCOMGB6DZ2CWGEPPUWBHR1I&marketplace=FLIPKART&q=laptop&store=6bo%2Fb5g&srno=s_4_85&otracker=search&iid=7715761e-883a-48aa-828a-e665e171d0c5.COMGB6DZ2CWGEPPU.SEARCH&ssid=z8ebwjs8sw0000001679028793033&qH=312f91285e048e09
HP Pavilion Gaming Ryzen 7 Octa Core AMD R7,76990,38,4.3,https://www.flipkart.com//hp-pavilion-gaming-ryzen-7-octa-core-amd-r7-5800h-16-gb-512-gb-ssd-windows-11-home-4-graphics-nvidia-geforce-rtx-3050-144-hz-15-ec2146ax-laptop/p/itm585a596ffa1af?pid=COMG92FX5XDCS9DW&lid=LSTCOMG92FX5XDCS9DWLLCEFD&marketplace=FLIPKART&q=laptop&store=6bo%2Fb5g&srno=s_4_86&otracker=search&iid=7715761e-883a-48aa-828a-e665e171d0c5.COMG92FX5XDCS9DW.SEARCH&ssid=z8ebwjs8sw0000001679028793033&qH=312f91285e048e09
ASUS Vivobook 14 (2022) Core i5 12th Gen ,55990,4,4.5,https://www.flipkart.com//asus-vivobook-14-2022-core-i5-12th-gen-8-gb-512-gb-ssd-windows-11-home-x1402za-ek521ws-thin-light-laptop/p/itmdd90a3f25c292?pid=COMGGVRGA4U2ZEYZ&lid=LSTCOMGGVRGA4U2ZEYZAJC5RH&marketplace=FLIPKART&q=laptop&store=6bo%2Fb5g&srno=s_4_87&otracker=search&iid=7715761e-883a-48aa-828a-e665e171d0c5.COMGGVRGA4U2ZEYZ.SEARCH&ssid=z8ebwjs8sw0000001679028793033&qH=312f91285e048e09
Lenovo IdeaPad Ryzen 5 Hexa Core 5500U ,57990,17,4.2,https://www.flipkart.com//lenovo-ideapad-ryzen-5-hexa-core-5500u-8-gb-512-gb-ssd-windows-10-home-15alc05-thin-light-laptop/p/itmb40d8df64d9d1?pid=COMG5UZBFZVTYRFN&lid=LSTCOMG5UZBFZVTYRFNCVGBQG&marketplace=FLIPKART&q=laptop&store=6bo%2Fb5g&srno=s_4_88&otracker=search&iid=en_l6GOk7rrHmnAxrMbNbA4wouWwj98LxfWnBHmLO%2Byd0B7QKCOsROqlEouz3yU37RWvxIkoWp3ZwGaWQmYEBbR1Q%3D%3D&ssid=z8ebwjs8sw0000001679028793033&qH=312f91285e048e09
HP Laptop with Backlit Keyboard Core i3 11th Gen ,41590,8,4.5,https://www.flipkart.com//hp-laptop-backlit-keyboard-core-i3-11th-gen-8-gb-512-gb-ssd-windows-11-home-15s-fr2512tu/p/itmb61e0d5b2f828?pid=COMGGMEYJVXAET6G&lid=LSTCOMGGMEYJVXAET6GWJOKKZ&marketplace=FLIPKART&q=laptop&store=6bo%2Fb5g&srno=s_4_89&otracker=search&iid=7715761e-883a-48aa-828a-e665e171d0c5.COMGGMEYJVXAET6G.SEARCH&ssid=z8ebwjs8sw0000001679028793033&qH=312f91285e048e09
HP Pavilion Ryzen 5 Hexa Core 5625U ,62990,9,4.2,https://www.flipkart.com//hp-pavilion-ryzen-5-hexa-core-5625u-16-gb-512-gb-ssd-windows-11-home-15-eh2024au-thin-light-laptop/p/itmcaad9c87de8e5?pid=COMGCGST9RM6UYQP&lid=LSTCOMGCGST9RM6UYQPATBBFF&marketplace=FLIPKART&q=laptop&store=6bo%2Fb5g&srno=s_4_90&otracker=search&iid=7715761e-883a-48aa-828a-e665e171d0c5.COMGCGST9RM6UYQP.SEARCH&ssid=z8ebwjs8sw0000001679028793033&qH=312f91285e048e09
ASUS Vivobook 15 Core i5 11th Gen ,45990,25,4.2,https://www.flipkart.com//asus-vivobook-15-core-i5-11th-gen-8-gb-512-gb-ssd-windows-11-home-x515ea-ej522ws-thin-light-laptop/p/itm85cfbc3a2e8a7?pid=COMGFHNGGWNDVGSY&lid=LSTCOMGFHNGGWNDVGSY5C6JML&marketplace=FLIPKART&q=laptop&store=6bo%2Fb5g&srno=s_4_91&otracker=search&iid=7715761e-883a-48aa-828a-e665e171d0c5.COMGFHNGGWNDVGSY.SEARCH&ssid=z8ebwjs8sw0000001679028793033&qH=312f91285e048e09
HP Victus Ryzen 5 Hexa Core 6600H ,82990,,,https://www.flipkart.com//hp-victus-ryzen-5-hexa-core-6600h-8-gb-512-gb-ssd-windows-11-home-4-graphics-nvidia-geforce-rtx-3050-16-e1062ax-gaming-laptop/p/itmec93369d20411?pid=COMGFA5FCNKUTPHG&lid=LSTCOMGFA5FCNKUTPHGML6EN0&marketplace=FLIPKART&q=laptop&store=6bo%2Fb5g&srno=s_4_92&otracker=search&iid=en_l6GOk7rrHmnAxrMbNbA4wouWwj98LxfWnBHmLO%2Byd0DlnlNBHBRYZ49Rq%2FUPDvPUwBKa8IQlBZEyh4W3kD2GBQ%3D%3D&ssid=z8ebwjs8sw0000001679028793033&qH=312f91285e048e09
Lenovo IdeaPad Gaming 3 Core i7 12th Gen ,109990,1,4,https://www.flipkart.com//lenovo-ideapad-gaming-3-core-i7-12th-gen-16-gb-512-gb-ssd-windows-11-home-6-graphics-nvidia-geforce-rtx-3060-16iah7-laptop/p/itm63a7820631e7e?pid=COMGHMH6ZCGDH57Y&lid=LSTCOMGHMH6ZCGDH57YRXUZUB&marketplace=FLIPKART&q=laptop&store=6bo%2Fb5g&srno=s_4_93&otracker=search&iid=7715761e-883a-48aa-828a-e665e171d0c5.COMGHMH6ZCGDH57Y.SEARCH&ssid=z8ebwjs8sw0000001679028793033&qH=312f91285e048e09
Infinix INBook X2 Plus Core i7 11th Gen ,49990,8,4.2,https://www.flipkart.com//infinix-inbook-x2-plus-core-i7-11th-gen-16-gb-512-gb-ssd-windows-11-home-xl25-thin-light-laptop/p/itme96c690aad432?pid=COMGGQE93WGJJF5R&lid=LSTCOMGGQE93WGJJF5RAIAMDD&marketplace=FLIPKART&q=laptop&store=6bo%2Fb5g&srno=s_4_94&otracker=search&iid=7715761e-883a-48aa-828a-e665e171d0c5.COMGGQE93WGJJF5R.SEARCH&ssid=z8ebwjs8sw0000001679028793033&qH=312f91285e048e09
MSI Core i7 12th Gen ,92990,,,https://www.flipkart.com//msi-core-i7-12th-gen-16-gb-512-gb-ssd-windows-11-home-6-graphics-nvidia-geforce-rtx-4050-thin-gf63-12ve-071in-gaming-laptop/p/itm2e0a18cdd8e55?pid=COMGMGSJBZHUHKM4&lid=LSTCOMGMGSJBZHUHKM4OADPHI&marketplace=FLIPKART&q=laptop&store=6bo%2Fb5g&srno=s_4_95&otracker=search&iid=7715761e-883a-48aa-828a-e665e171d0c5.COMGMGSJBZHUHKM4.SEARCH&ssid=z8ebwjs8sw0000001679028793033&qH=312f91285e048e09
HP OMEN Ryzen 5 Hexa Core AMD R5,77990,0,4.8,https://www.flipkart.com//hp-omen-ryzen-5-hexa-core-amd-r5-5600h-8-gb-512-gb-ssd-windows-11-home-4-graphics-nvidia-geforce-gtx-1650-16-c0136ax-gaming-laptop/p/itmf7d68c3599e87?pid=COMGBVJMD2KJ5GGH&lid=LSTCOMGBVJMD2KJ5GGHPEPO8Q&marketplace=FLIPKART&q=laptop&store=6bo%2Fb5g&srno=s_4_96&otracker=search&iid=en_l6GOk7rrHmnAxrMbNbA4wouWwj98LxfWnBHmLO%2Byd0AN0jAwp81xKgeWCYs1k8SHhnmFkU2WxH6LtOw4geWbeg%3D%3D&ssid=z8ebwjs8sw0000001679028793033&qH=312f91285e048e09
